Workbook

Sheet הערכת סיכונים
A1: מזהה בקרה | B1: משפחת בקרה | C1: קוד משפחה | D1: שם הבקרה | E1: תיאור הבקרה | F1: תחום ברשת | G1: תרחיש איום/סיכון | H1: הסתברות (1-5) | I1: השפעה (1-5) | J1: ציון סיכון | K1: רמת סיכון | L1: מבצע (R) | M1: פעולות מיטיגציה לפי nist800-53 | N1: פעולות מיטיגציה | O1: הסתברות שיורית | P1: השפעה שיורית | Q1: סיכון שיורי | R1: רמת סיכון שיורי | S1: סיכון נוכחי (לפי סטטוס) | T1: רמת סיכון נוכחי | U1: סטטוס | V1: תאריך יעד | W1: החלטת הנהלה לטיפול בסיכון | X1: בקרה לא רלוונטית
H2: 1 | I2: 1 | J2: =IF(X2="כן","",H2*I2) -> 1 | K2: =IF(X2="כן","",IF(J2="","",IF(J2>=15,"קריטי",IF(J2>=10,"גבוה",IF(J2>=5,"בינוני","נמוך"))))) -> נמוך | O2: 1 | P2: 1 | Q2: =IF(X2="כן","",O2*P2) -> 1 | R2: =IF(X2="כן","",IF(Q2="","",IF(Q2>=15,"קריטי",IF(Q2>=10,"גבוה",IF(Q2>=5,"בינוני","נמוך"))))) -> נמוך | S2: =IF(X2="כן","",IF(U2="הושלם",Q2,IF(U2="בתהליך",ROUNDUP((J2+Q2)/2,0),J2))) -> 1 | T2: =IF(X2="כן","",IF(S2="","",IF(S2>=15,"קריטי",IF(S2>=10,"גבוה",IF(S2>=5,"בינוני","נמוך"))))) -> נמוך | U2: הושלם | W2: =IF(X2="כן","לא רלוונטי",IF(U2="הושלם","קבלת הסיכון",IF(OR(T2="קריטי",T2="גבוה"),"הפחתת סיכון - הוספת בקרות מונעות","קבלת הסיכון"))) -> קבלת הסיכון | X2: לא

Sheet נתוני_חישוב
A1: רמת סיכון | B1: סיכון מובנה | C1: סיכון שיורי | E1: סטטוס | F1: כמות | H1: משפחת בקרה | I1: ציון ממוצע | K1: רמה | L1: סיכון נוכחי | N1: החלטת הנהלה | O1: כמות | Q1: רמת סיכון | R1: מובנה | S1: שיורי | T1: נוכחי | V1: רלוונטיות | W1: כמות
A2: קריטי | B2: =COUNTIFS('הערכת סיכונים'!$K$2:$K$73,A2,'הערכת סיכונים'!$X$2:$X$73,"לא") -> 0 | C2: =COUNTIFS('הערכת סיכונים'!$R$2:$R$73,A2,'הערכת סיכונים'!$X$2:$X$73,"לא") -> 0 | E2: הושלם | F2: =COUNTIFS('הערכת סיכונים'!$U$2:$U$73,E2,'הערכת סיכונים'!$X$2:$X$73,"לא") -> 1 | H2: ממשל וניהול סיכונים | I2: =IFERROR(ROUND(AVERAGEIFS('הערכת סיכונים'!$J$2:$J$73,'הערכת סיכונים'!$B$2:$B$73,H2,'הערכת סיכונים'!$X$2:$X$73,"לא"),1),0) -> 0 | K2: קריטי | L2: =COUNTIFS('הערכת סיכונים'!$T$2:$T$73,K2,'הערכת סיכונים'!$X$2:$X$73,"לא") -> 0 | N2: הפחתת סיכון - הוספת בקרות מונעות | O2: =COUNTIFS('הערכת סיכונים'!$W$2:$W$73,N2,'הערכת סיכונים'!$X$2:$X$73,"לא") -> 0 | Q2: קריטי | R2: =COUNTIFS('הערכת סיכונים'!$K$2:$K$73,Q2,'הערכת סיכונים'!$X$2:$X$73,"לא") -> 0 | S2: =COUNTIFS('הערכת סיכונים'!$R$2:$R$73,Q2,'הערכת סיכונים'!$X$2:$X$73,"לא") -> 0 | T2: =COUNTIFS('הערכת סיכונים'!$T$2:$T$73,Q2,'הערכת סיכונים'!$X$2:$X$73,"לא") -> 0 | V2: רלוונטית | W2: =COUNTIF('הערכת סיכונים'!$X$2:$X$73,"לא") -> 1
A3: גבוה | B3: =COUNTIFS('הערכת סיכונים'!$K$2:$K$73,A3,'הערכת סיכונים'!$X$2:$X$73,"לא") -> 0 | C3: =COUNTIFS('הערכת סיכונים'!$R$2:$R$73,A3,'הערכת סיכונים'!$X$2:$X$73,"לא") -> 0 | E3: בתהליך | F3: =COUNTIFS('הערכת סיכונים'!$U$2:$U$73,E3,'הערכת סיכונים'!$X$2:$X$73,"לא") -> 0 | H3: זיהוי ומיפוי נכסים | I3: =IFERROR(ROUND(AVERAGEIFS('הערכת סיכונים'!$J$2:$J$73,'הערכת סיכונים'!$B$2:$B$73,H3,'הערכת סיכונים'!$X$2:$X$73,"לא"),1),0) -> 0 | K3: גבוה | L3: =COUNTIFS('הערכת סיכונים'!$T$2:$T$73,K3,'הערכת סיכונים'!$X$2:$X$73,"לא") -> 0 | N3: העברת הסיכון | O3: =COUNTIFS('הערכת סיכונים'!$W$2:$W$73,N3,'הערכת סיכונים'!$X$2:$X$73,"לא") -> 0 | Q3: גבוה | R3: =COUNTIFS('הערכת סיכונים'!$K$2:$K$73,Q3,'הערכת סיכונים'!$X$2:$X$73,"לא") -> 0 | S3: =COUNTIFS('הערכת סיכונים'!$R$2:$R$73,Q3,'הערכת סיכונים'!$X$2:$X$73,"לא") -> 0 | T3: =COUNTIFS('הערכת סיכונים'!$T$2:$T$73,Q3,'הערכת סיכונים'!$X$2:$X$73,"לא") -> 0 | V3: לא רלוונטית | W3: =COUNTIF('הערכת סיכונים'!$X$2:$X$73,"כן") -> 0
A4: בינוני | B4: =COUNTIFS('הערכת סיכונים'!$K$2:$K$73,A4,'הערכת סיכונים'!$X$2:$X$73,"לא") -> 0 | C4: =COUNTIFS('הערכת סיכונים'!$R$2:$R$73,A4,'הערכת סיכונים'!$X$2:$X$73,"לא") -> 0 | E4: לא התחיל | F4: =COUNTIFS('הערכת סיכונים'!$U$2:$U$73,E4,'הערכת סיכונים'!$X$2:$X$73,"לא") -> 0 | H4: הגנה — גישה וזהות | I4: =IFERROR(ROUND(AVERAGEIFS('הערכת סיכונים'!$J$2:$J$73,'הערכת סיכונים'!$B$2:$B$73,H4,'הערכת סיכונים'!$X$2:$X$73,"לא"),1),0) -> 0 | K4: בינוני | L4: =COUNTIFS('הערכת סיכונים'!$T$2:$T$73,K4,'הערכת סיכונים'!$X$2:$X$73,"לא") -> 0 | N4: קבלת הסיכון | O4: =COUNTIFS('הערכת סיכונים'!$W$2:$W$73,N4,'הערכת סיכונים'!$X$2:$X$73,"לא") -> 1 | Q4: בינוני | R4: =COUNTIFS('הערכת סיכונים'!$K$2:$K$73,Q4,'הערכת סיכונים'!$X$2:$X$73,"לא") -> 0 | S4: =COUNTIFS('הערכת סיכונים'!$R$2:$R$73,Q4,'הערכת סיכונים'!$X$2:$X$73,"לא") -> 0 | T4: =COUNTIFS('הערכת סיכונים'!$T$2:$T$73,Q4,'הערכת סיכונים'!$X$2:$X$73,"לא") -> 0
A5: נמוך | B5: =COUNTIFS('הערכת סיכונים'!$K$2:$K$73,A5,'הערכת סיכונים'!$X$2:$X$73,"לא") -> 1 | C5: =COUNTIFS('הערכת סיכונים'!$R$2:$R$73,A5,'הערכת סיכונים'!$X$2:$X$73,"לא") -> 1 | H5: הגנה — רשת ותשתית | I5: =IFERROR(ROUND(AVERAGEIFS('הערכת סיכונים'!$J$2:$J$73,'הערכת סיכונים'!$B$2:$B$73,H5,'הערכת סיכונים'!$X$2:$X$73,"לא"),1),0) -> 0 | K5: נמוך | L5: =COUNTIFS('הערכת סיכונים'!$T$2:$T$73,K5,'הערכת סיכונים'!$X$2:$X$73,"לא") -> 1 | N5: הימנעות מהסיכון | O5: =COUNTIFS('הערכת סיכונים'!$W$2:$W$73,N5,'הערכת סיכונים'!$X$2:$X$73,"לא") -> 0 | Q5: נמוך | R5: =COUNTIFS('הערכת סיכונים'!$K$2:$K$73,Q5,'הערכת סיכונים'!$X$2:$X$73,"לא") -> 1 | S5: =COUNTIFS('הערכת סיכונים'!$R$2:$R$73,Q5,'הערכת סיכונים'!$X$2:$X$73,"לא") -> 1 | T5: =COUNTIFS('הערכת סיכונים'!$T$2:$T$73,Q5,'הערכת סיכונים'!$X$2:$X$73,"לא") -> 1
H6: הגנה — קצה ושרתים | I6: =IFERROR(ROUND(AVERAGEIFS('הערכת סיכונים'!$J$2:$J$73,'הערכת סיכונים'!$B$2:$B$73,H6,'הערכת סיכונים'!$X$2:$X$73,"לא"),1),0) -> 0
H7: הגנה — מידע | I7: =IFERROR(ROUND(AVERAGEIFS('הערכת סיכונים'!$J$2:$J$73,'הערכת סיכונים'!$B$2:$B$73,H7,'הערכת סיכונים'!$X$2:$X$73,"לא"),1),0) -> 0
H8: גילוי וניטור | I8: =IFERROR(ROUND(AVERAGEIFS('הערכת סיכונים'!$J$2:$J$73,'הערכת סיכונים'!$B$2:$B$73,H8,'הערכת סיכונים'!$X$2:$X$73,"לא"),1),0) -> 0
H9: תגובה לאירוע | I9: =IFERROR(ROUND(AVERAGEIFS('הערכת סיכונים'!$J$2:$J$73,'הערכת סיכונים'!$B$2:$B$73,H9,'הערכת סיכונים'!$X$2:$X$73,"לא"),1),0) -> 0
H10: התאוששות | I10: =IFERROR(ROUND(AVERAGEIFS('הערכת סיכונים'!$J$2:$J$73,'הערכת סיכונים'!$B$2:$B$73,H10,'הערכת סיכונים'!$X$2:$X$73,"לא"),1),0) -> 0
H11: מודעות והדרכה | I11: =IFERROR(ROUND(AVERAGEIFS('הערכת סיכונים'!$J$2:$J$73,'הערכת סיכונים'!$B$2:$B$73,H11,'הערכת סיכונים'!$X$2:$X$73,"לא"),1),0) -> 0
H12: שרשרת אספקה וצד ג' | I12: =IFERROR(ROUND(AVERAGEIFS('הערכת סיכונים'!$J$2:$J$73,'הערכת סיכונים'!$B$2:$B$73,H12,'הערכת סיכונים'!$X$2:$X$73,"לא"),1),0) -> 0
H13: הגנה פיזית | I13: =IFERROR(ROUND(AVERAGEIFS('הערכת סיכונים'!$J$2:$J$73,'הערכת סיכונים'!$B$2:$B$73,H13,'הערכת סיכונים'!$X$2:$X$73,"לא"),1),0) -> 0

Sheet דשבורד מנהלים
A1: דשבורד מנהלים | הערכת סיכונים — תורת ההגנה בסייבר 2.0 (מערך הסייבר הלאומי)
A4: תמונת מצב נוכחית
A5: בקרות רלוונטיות | E5: בקרות לא רלוונטיות | I5: חשיפה קריטית נוכחית | M5: חשיפה גבוהה נוכחית | Q5: ציון ממוצע (רלוונטיות) | U5: הושלמו | Y5: פתוחות (לא התחיל)
A6: =COUNTIF('הערכת סיכונים'!X2:X73,"לא") -> 1 | E6: =COUNTIF('הערכת סיכונים'!X2:X73,"כן") -> 0 | I6: =COUNTIFS('הערכת סיכונים'!T2:T73,"קריטי",'הערכת סיכונים'!X2:X73,"לא") -> 0 | M6: =COUNTIFS('הערכת סיכונים'!T2:T73,"גבוה",'הערכת סיכונים'!X2:X73,"לא") -> 0 | Q6: =IFERROR(ROUND(AVERAGEIFS('הערכת סיכונים'!J2:J73,'הערכת סיכונים'!X2:X73,"לא"),1),0) -> 1 | U6: =COUNTIFS('הערכת סיכונים'!U2:U73,"הושלם",'הערכת סיכונים'!X2:X73,"לא") -> 1 | Y6: =COUNTIFS('הערכת סיכונים'!U2:U73,"לא התחיל",'הערכת סיכונים'!X2:X73,"לא") -> 0
A9: מפת חום סיכונים 5×5 (לא כולל בקרות לא רלוונטיות) | J9: כמות הסיכונים לפי רמה — מובנה / שיורי / נוכחי | U9: סטטוס טיפול
A11: הסת\השפ | B11: 1 | C11: 2 | D11: 3 | E11: 4 | F11: 5
A12: 5 | B12: =COUNTIFS('הערכת סיכונים'!H:H,5,'הערכת סיכונים'!I:I,1,'הערכת סיכונים'!X:X,"לא") -> 0 | C12: =COUNTIFS('הערכת סיכונים'!H:H,5,'הערכת סיכונים'!I:I,2,'הערכת סיכונים'!X:X,"לא") -> 0 | D12: =COUNTIFS('הערכת סיכונים'!H:H,5,'הערכת סיכונים'!I:I,3,'הערכת סיכונים'!X:X,"לא") -> 0 | E12: =COUNTIFS('הערכת סיכונים'!H:H,5,'הערכת סיכונים'!I:I,4,'הערכת סיכונים'!X:X,"לא") -> 0 | F12: =COUNTIFS('הערכת סיכונים'!H:H,5,'הערכת סיכונים'!I:I,5,'הערכת סיכונים'!X:X,"לא") -> 0
A13: 4 | B13: =COUNTIFS('הערכת סיכונים'!H:H,4,'הערכת סיכונים'!I:I,1,'הערכת סיכונים'!X:X,"לא") -> 0 | C13: =COUNTIFS('הערכת סיכונים'!H:H,4,'הערכת סיכונים'!I:I,2,'הערכת סיכונים'!X:X,"לא") -> 0 | D13: =COUNTIFS('הערכת סיכונים'!H:H,4,'הערכת סיכונים'!I:I,3,'הערכת סיכונים'!X:X,"לא") -> 0 | E13: =COUNTIFS('הערכת סיכונים'!H:H,4,'הערכת סיכונים'!I:I,4,'הערכת סיכונים'!X:X,"לא") -> 0 | F13: =COUNTIFS('הערכת סיכונים'!H:H,4,'הערכת סיכונים'!I:I,5,'הערכת סיכונים'!X:X,"לא") -> 0
A14: 3 | B14: =COUNTIFS('הערכת סיכונים'!H:H,3,'הערכת סיכונים'!I:I,1,'הערכת סיכונים'!X:X,"לא") -> 0 | C14: =COUNTIFS('הערכת סיכונים'!H:H,3,'הערכת סיכונים'!I:I,2,'הערכת סיכונים'!X:X,"לא") -> 0 | D14: =COUNTIFS('הערכת סיכונים'!H:H,3,'הערכת סיכונים'!I:I,3,'הערכת סיכונים'!X:X,"לא") -> 0 | E14: =COUNTIFS('הערכת סיכונים'!H:H,3,'הערכת סיכונים'!I:I,4,'הערכת סיכונים'!X:X,"לא") -> 0 | F14: =COUNTIFS('הערכת סיכונים'!H:H,3,'הערכת סיכונים'!I:I,5,'הערכת סיכונים'!X:X,"לא") -> 0
A15: 2 | B15: =COUNTIFS('הערכת סיכונים'!H:H,2,'הערכת סיכונים'!I:I,1,'הערכת סיכונים'!X:X,"לא") -> 0 | C15: =COUNTIFS('הערכת סיכונים'!H:H,2,'הערכת סיכונים'!I:I,2,'הערכת סיכונים'!X:X,"לא") -> 0 | D15: =COUNTIFS('הערכת סיכונים'!H:H,2,'הערכת סיכונים'!I:I,3,'הערכת סיכונים'!X:X,"לא") -> 0 | E15: =COUNTIFS('הערכת סיכונים'!H:H,2,'הערכת סיכונים'!I:I,4,'הערכת סיכונים'!X:X,"לא") -> 0 | F15: =COUNTIFS('הערכת סיכונים'!H:H,2,'הערכת סיכונים'!I:I,5,'הערכת סיכונים'!X:X,"לא") -> 0
A16: 1 | B16: =COUNTIFS('הערכת סיכונים'!H:H,1,'הערכת סיכונים'!I:I,1,'הערכת סיכונים'!X:X,"לא") -> 1 | C16: =COUNTIFS('הערכת סיכונים'!H:H,1,'הערכת סיכונים'!I:I,2,'הערכת סיכונים'!X:X,"לא") -> 0 | D16: =COUNTIFS('הערכת סיכונים'!H:H,1,'הערכת סיכונים'!I:I,3,'הערכת סיכונים'!X:X,"לא") -> 0 | E16: =COUNTIFS('הערכת סיכונים'!H:H,1,'הערכת סיכונים'!I:I,4,'הערכת סיכונים'!X:X,"לא") -> 0 | F16: =COUNTIFS('הערכת סיכונים'!H:H,1,'הערכת סיכונים'!I:I,5,'הערכת סיכונים'!X:X,"לא") -> 0
C17: השפעה ←
A20: התפלגות החלטות הנהלה לטיפול בסיכון | P20: חשיפה נוכחית בפועל (לפי רמה)
A36: ציון סיכון ממוצע לפי משפחת בקרה | P36: רלוונטיות הבקרות
A56: הערה: בקרות המסומנות 'כן' בעמודת 'בקרה לא רלוונטית' מוחרגות אוטומטית מכל הספירות, הממוצעים, מפת החום והגרפים.
