Workbook

Sheet הערכת סיכונים
A1: מזהה בקרה | B1: משפחת בקרה | C1: קוד משפחה | D1: שם הבקרה | E1: תיאור הבקרה | F1: תחום ברשת | G1: תרחיש איום/סיכון | H1: הסתברות (1-5) | I1: השפעה (1-5) | J1: ציון סיכון | K1: רמת סיכון | L1: מבצע (R) | M1: פעולות מיטיגציה | N1: הסתברות שיורית | O1: השפעה שיורית | P1: סיכון שיורי | Q1: רמת סיכון שיורי | R1: סיכון נוכחי (לפי סטטוס) | S1: רמת סיכון נוכחי | T1: סטטוס | U1: תאריך יעד | V1: החלטת הנהלה לטיפול בסיכון | W1: בקרה לא רלוונטית
A2: GOV-01 | B2: ממשל וניהול סיכונים | D2: אחריות ההנהלה להגנת הסייבר מעוגנת ומתוקשרת | E2: אחריות ההנהלה להגנת הסייבר מעוגנת ומתוקשרת | G2: היעדר עיגון אחריות ניהולית להגנת סייבר עלול לגרום לפערים בקבלת החלטות, חוסר הקצאת משאבים וכשל מערכתי בהגנה על הארגון מפני מתקפות סייבר | H2: 2 | I2: 2 | J2: =IF(W2="כן","",H2*I2) -> 4 | K2: =IF(W2="כן","",IF(J2="","",IF(J2>=15,"קריטי",IF(J2>=10,"גבוה",IF(J2>=5,"בינוני","נמוך"))))) -> נמוך | L2: מנהל מערכת | M2: 1. הגדרת ואישור מבנה ממשל סייבר ארגוני הכולל תפקידים ואחריות (NIST PM-1, PM-2) 2. עיגון אחריות ההנהלה בנהלים ובמסמכי מדיניות מאושרים (PM-13) 3. קיום סקירות הנהלה תקופתיות למצב הסייבר (PM-6) 4. מינוי נושא אחריות בכיר (Authorizing Official) לכל מערכת קריטית (CA-6) | N2: 1 | O2: 2 | P2: =IF(W2="כן","",N2*O2) -> 2 | Q2: =IF(W2="כן","",IF(P2="","",IF(P2>=15,"קריטי",IF(P2>=10,"גבוה",IF(P2>=5,"בינוני","נמוך"))))) -> נמוך | R2: =IF(W2="כן","",IF(T2="הושלם",P2,IF(T2="בתהליך",ROUNDUP((J2+P2)/2,0),J2))) -> 2 | S2: =IF(W2="כן","",IF(R2="","",IF(R2>=15,"קריטי",IF(R2>=10,"גבוה",IF(R2>=5,"בינוני","נמוך"))))) -> נמוך | T2: הושלם | U2: 2026-12-31 | V2: =IF(W2="כן","לא רלוונטי",IF(T2="הושלם","קבלת הסיכון",IF(OR(S2="קריטי",S2="גבוה"),"הפחתת סיכון - הוספת בקרות מונעות","קבלת הסיכון"))) -> קבלת הסיכון | W2: לא
A3: GOV-02 | B3: ממשל וניהול סיכונים | D3: מינוי ממונה הגנת סייבר (CISO) והגדרת סמכויותיו | E3: מינוי ממונה הגנת סייבר (CISO) והגדרת סמכויותיו | G3: היעדר ממונה הגנת סייבר (CISO) בעל סמכויות מוגדרות עלול להוביל לחוסר אחידות בניהול אבטחת המידע, היעדר דמות מובילה לטיפול באירועים ופערים בממשק עם ההנהלה והרגולטור | H3: 2 | I3: 5 | J3: =IF(W3="כן","",H3*I3) -> 10 | K3: =IF(W3="כן","",IF(J3="","",IF(J3>=15,"קריטי",IF(J3>=10,"גבוה",IF(J3>=5,"בינוני","נמוך"))))) -> גבוה | L3: מהנדס אבטחה | M3: 1. מינוי CISO/ממונה סייבר בכיר עם דיווח ישיר להנהלה (NIST PM-2) 2. הגדרת סמכויות, תחומי אחריות ומנדט פעולה בכתב (PM-1) 3. הקצאת צוות ומשאבים ייעודיים לממונה (PM-3) 4. שיבוץ CISO בפורום הנהלה ובוועדת סיכונים (PM-29) | N3: 1 | O3: 5 | P3: =IF(W3="כן","",N3*O3) -> 5 | Q3: =IF(W3="כן","",IF(P3="","",IF(P3>=15,"קריטי",IF(P3>=10,"גבוה",IF(P3>=5,"בינוני","נמוך"))))) -> בינוני | R3: =IF(W3="כן","",IF(T3="הושלם",P3,IF(T3="בתהליך",ROUNDUP((J3+P3)/2,0),J3))) -> 5 | S3: =IF(W3="כן","",IF(R3="","",IF(R3>=15,"קריטי",IF(R3>=10,"גבוה",IF(R3>=5,"בינוני","נמוך"))))) -> בינוני | T3: הושלם | U3: 2026-12-31 | V3: =IF(W3="כן","לא רלוונטי",IF(T3="הושלם","קבלת הסיכון",IF(OR(S3="קריטי",S3="גבוה"),"הפחתת סיכון - הוספת בקרות מונעות","קבלת הסיכון"))) -> קבלת הסיכון | W3: לא
A4: GOV-03 | B4: ממשל וניהול סיכונים | D4: מדיניות הגנת סייבר ארגונית נקבעת, מאושרת ומופצת | E4: מדיניות הגנת סייבר ארגונית נקבעת, מאושרת ומופצת | G4: היעדר מדיניות סייבר מאושרת ומופצת עלול לגרום לפעולה ללא הנחיות אחידות, חשיפת הארגון לאיומים שאינם מכוסים ואי-עמידה בדרישות רגולציה | H4: 2 | I4: 3 | J4: =IF(W4="כן","",H4*I4) -> 6 | K4: =IF(W4="כן","",IF(J4="","",IF(J4>=15,"קריטי",IF(J4>=10,"גבוה",IF(J4>=5,"בינוני","נמוך"))))) -> בינוני | L4: מהנדס רשת | M4: 1. גיבוש מדיניות אבטחת מידע ארגונית מקיפה (NIST PL-1) 2. אישור המדיניות ע"י ההנהלה הבכירה והפצה לכלל הגורמים (PL-1) 3. סקירה ועדכון המדיניות לפחות אחת לשנה (PL-1) 4. פיתוח נהלים תומכים לכל משפחת בקרות (PL-2, PM-1) | N4: 1 | O4: 3 | P4: =IF(W4="כן","",N4*O4) -> 3 | Q4: =IF(W4="כן","",IF(P4="","",IF(P4>=15,"קריטי",IF(P4>=10,"גבוה",IF(P4>=5,"בינוני","נמוך"))))) -> נמוך | R4: =IF(W4="כן","",IF(T4="הושלם",P4,IF(T4="בתהליך",ROUNDUP((J4+P4)/2,0),J4))) -> 5 | S4: =IF(W4="כן","",IF(R4="","",IF(R4>=15,"קריטי",IF(R4>=10,"גבוה",IF(R4>=5,"בינוני","נמוך"))))) -> בינוני | T4: בתהליך | U4: 2026-12-31 | V4: =IF(W4="כן","לא רלוונטי",IF(T4="הושלם","קבלת הסיכון",IF(OR(S4="קריטי",S4="גבוה"),"הפחתת סיכון - הוספת בקרות מונעות","קבלת הסיכון"))) -> קבלת הסיכון | W4: לא
A5: GOV-04 | B5: ממשל וניהול סיכונים | D5: תהליך ניהול סיכוני סייבר מתמשך (לא חד-פעמי) מוטמע | E5: תהליך ניהול סיכוני סייבר מתמשך (לא חד-פעמי) מוטמע | G5: היעדר תהליך ניהול סיכונים מתמשך עלול לגרום להצטברות סיכונים בלתי מזוהים, אי-זיהוי איומים חדשים ופגיעות שלא טופלו, ולחשיפה הולכת וגדלה של הארגון | H5: 3 | I5: 5 | J5: =IF(W5="כן","",H5*I5) -> 15 | K5: =IF(W5="כן","",IF(J5="","",IF(J5>=15,"קריטי",IF(J5>=10,"גבוה",IF(J5>=5,"בינוני","נמוך"))))) -> קריטי | L5: מנהל IR | M5: 1. הטמעת תהליך ניהול סיכונים מתמשך ומתועד (NIST RA-1, RA-3) 2. עדכון הערכת סיכונים לפחות אחת לשנה ובעקבות שינויים מהותיים (RA-3) 3. שילוב ניהול סיכוני סייבר במסגרת ניהול הסיכונים הארגוני (PM-9, PM-28) 4. שימוש במתודולוגיה מוכרת (NIST RMF) לניהול סיכונים (RA-1) | N5: 1 | O5: 4 | P5: =IF(W5="כן","",N5*O5) -> 4 | Q5: =IF(W5="כן","",IF(P5="","",IF(P5>=15,"קריטי",IF(P5>=10,"גבוה",IF(P5>=5,"בינוני","נמוך"))))) -> נמוך | R5: =IF(W5="כן","",IF(T5="הושלם",P5,IF(T5="בתהליך",ROUNDUP((J5+P5)/2,0),J5))) -> 4 | S5: =IF(W5="כן","",IF(R5="","",IF(R5>=15,"קריטי",IF(R5>=10,"גבוה",IF(R5>=5,"בינוני","נמוך"))))) -> נמוך | T5: הושלם | U5: 2026-12-31 | V5: =IF(W5="כן","לא רלוונטי",IF(T5="הושלם","קבלת הסיכון",IF(OR(S5="קריטי",S5="גבוה"),"הפחתת סיכון - הוספת בקרות מונעות","קבלת הסיכון"))) -> קבלת הסיכון | W5: לא
A6: GOV-05 | B6: ממשל וניהול סיכונים | D6: תיאבון סיכון וסבילות סיכון מוגדרים ומאושרים בהנהלה | E6: תיאבון סיכון וסבילות סיכון מוגדרים ומאושרים בהנהלה | G6: היעדר הגדרת תיאבון וסבילות סיכון עלולים לגרום לקבלת החלטות שרירותיות בניהול סיכונים, השקעה בלתי מאוזנת במשאבי הגנה וחשיפה לסיכונים שההנהלה אינה מודעת לקבלתם | H6: 2 | I6: 2 | J6: =IF(W6="כן","",H6*I6) -> 4 | K6: =IF(W6="כן","",IF(J6="","",IF(J6>=15,"קריטי",IF(J6>=10,"גבוה",IF(J6>=5,"בינוני","נמוך"))))) -> נמוך | L6: NetOps | M6: 1. הגדרת רמות תיאבון סיכון (Risk Appetite) ואישורן ע"י ההנהלה (NIST PM-9) 2. קביעת סבילות סיכון (Risk Tolerance) לכל מערכת קריטית (PM-9) 3. תיעוד והפצת מסגרת קבלת סיכונים לבעלי תפקידים רלוונטיים (PM-9) 4. סקירה שנתית והתאמת רמות הסיכון המקובלות (RA-3, PM-28) | N6: 1 | O6: 2 | P6: =IF(W6="כן","",N6*O6) -> 2 | Q6: =IF(W6="כן","",IF(P6="","",IF(P6>=15,"קריטי",IF(P6>=10,"גבוה",IF(P6>=5,"בינוני","נמוך"))))) -> נמוך | R6: =IF(W6="כן","",IF(T6="הושלם",P6,IF(T6="בתהליך",ROUNDUP((J6+P6)/2,0),J6))) -> 3 | S6: =IF(W6="כן","",IF(R6="","",IF(R6>=15,"קריטי",IF(R6>=10,"גבוה",IF(R6>=5,"בינוני","נמוך"))))) -> נמוך | T6: בתהליך | U6: 2026-12-31 | V6: =IF(W6="כן","לא רלוונטי",IF(T6="הושלם","קבלת הסיכון",IF(OR(S6="קריטי",S6="גבוה"),"הפחתת סיכון - הוספת בקרות מונעות","קבלת הסיכון"))) -> קבלת הסיכון | W6: לא
A7: GOV-06 | B7: ממשל וניהול סיכונים | D7: תקציב ומשאבים להגנת סייבר מוקצים בהתאם לפוטנציאל הנזק | E7: תקציב ומשאבים להגנת סייבר מוקצים בהתאם לפוטנציאל הנזק | G7: הקצאה לא מספקת של תקציב ומשאבים להגנת סייבר עלולה להותיר פערי הגנה קריטיים, להגביל יכולת תגובה לאירועים ולחשוף את הארגון לנזקים העולים על עלות ההשקעה בהגנה | H7: 2 | I7: 5 | J7: =IF(W7="כן","",H7*I7) -> 10 | K7: =IF(W7="כן","",IF(J7="","",IF(J7>=15,"קריטי",IF(J7>=10,"גבוה",IF(J7>=5,"בינוני","נמוך"))))) -> גבוה | L7: מנהל IR | M7: 1. הקצאת תקציב ייעודי להגנת סייבר במסגרת התקציב הארגוני (NIST PM-3) 2. ביצוע ניתוח עלות-תועלת (BIA) לתעדוף השקעות אבטחה (PM-3) 3. הקצאת כוח אדם מקצועי ומיומן לתפקידי סייבר (PM-13, PM-15) 4. תכנון תקציב רב-שנתי הכולל הדרכות, כלים ותשתיות (PM-3) | N7: 1 | O7: 4 | P7: =IF(W7="כן","",N7*O7) -> 4 | Q7: =IF(W7="כן","",IF(P7="","",IF(P7>=15,"קריטי",IF(P7>=10,"גבוה",IF(P7>=5,"בינוני","נמוך"))))) -> נמוך | R7: =IF(W7="כן","",IF(T7="הושלם",P7,IF(T7="בתהליך",ROUNDUP((J7+P7)/2,0),J7))) -> 4 | S7: =IF(W7="כן","",IF(R7="","",IF(R7>=15,"קריטי",IF(R7>=10,"גבוה",IF(R7>=5,"בינוני","נמוך"))))) -> נמוך | T7: הושלם | U7: 2026-12-31 | V7: =IF(W7="כן","לא רלוונטי",IF(T7="הושלם","קבלת הסיכון",IF(OR(S7="קריטי",S7="גבוה"),"הפחתת סיכון - הוספת בקרות מונעות","קבלת הסיכון"))) -> קבלת הסיכון | W7: לא
A8: GOV-07 | B8: ממשל וניהול סיכונים | D8: תוכנית הגנת סייבר רב-שנתית נגזרת מהאסטרטגיה ומנוטרת | E8: תוכנית הגנת סייבר רב-שנתית נגזרת מהאסטרטגיה ומנוטרת | G8: היעדר תוכנית הגנת סייבר רב-שנתית עלולה לגרום לפעילות אד-הוק, חוסר התאמה בין ההגנה לאסטרטגיה העסקית ולפערים מצטברים ביכולות ההגנה לאורך זמן | H8: 3 | I8: 2 | J8: =IF(W8="כן","",H8*I8) -> 6 | K8: =IF(W8="כן","",IF(J8="","",IF(J8>=15,"קריטי",IF(J8>=10,"גבוה",IF(J8>=5,"בינוני","נמוך"))))) -> בינוני | L8: מנהל מערכת | M8: 1. גיבוש תוכנית הגנת סייבר רב-שנתית מבוססת אסטרטגיה (NIST PM-1) 2. הגדרת אבני דרך, מדדי הצלחה ולוחות זמנים (PM-4) 3. ניטור התקדמות יישום התוכנית ודיווח תקופתי להנהלה (PM-6) 4. עדכון התוכנית בהתאם לשינויים באיומים ובסביבה העסקית (PM-4) | N8: 2 | O8: 1 | P8: =IF(W8="כן","",N8*O8) -> 2 | Q8: =IF(W8="כן","",IF(P8="","",IF(P8>=15,"קריטי",IF(P8>=10,"גבוה",IF(P8>=5,"בינוני","נמוך"))))) -> נמוך | R8: =IF(W8="כן","",IF(T8="הושלם",P8,IF(T8="בתהליך",ROUNDUP((J8+P8)/2,0),J8))) -> 2 | S8: =IF(W8="כן","",IF(R8="","",IF(R8>=15,"קריטי",IF(R8>=10,"גבוה",IF(R8>=5,"בינוני","נמוך"))))) -> נמוך | T8: הושלם | U8: 2026-12-31 | V8: =IF(W8="כן","לא רלוונטי",IF(T8="הושלם","קבלת הסיכון",IF(OR(S8="קריטי",S8="גבוה"),"הפחתת סיכון - הוספת בקרות מונעות","קבלת הסיכון"))) -> קבלת הסיכון | W8: לא
A9: GOV-08 | B9: ממשל וניהול סיכונים | D9: עמידה בדרישות רגולציה וחקיקה רלוונטיות לסייבר | E9: עמידה בדרישות רגולציה וחקיקה רלוונטיות לסייבר | G9: אי-עמידה בדרישות רגולציה וחקיקה עלולה לחשוף את הארגון לקנסות, תביעות, סנקציות רגולטוריות ופגיעה במוניטין, בנוסף לחשיפת מידע רגיש | H9: 3 | I9: 2 | J9: =IF(W9="כן","",H9*I9) -> 6 | K9: =IF(W9="כן","",IF(J9="","",IF(J9>=15,"קריטי",IF(J9>=10,"גבוה",IF(J9>=5,"בינוני","נמוך"))))) -> בינוני | L9: אנליסט SOC | M9: 1. מיפוי דרישות רגולציה וחקיקה רלוונטיות לסייבר (NIST PM-8, PM-10) 2. ביצוע הערכת ציות (compliance assessment) תקופתית (CA-2, CA-7) 3. הקמת תהליך מעקב אחר שינויי רגולציה ועדכון הבקרות בהתאם (PM-8) 4. תיעוד פערי ציות ותוכנית סגירתם (CA-5, PM-10) | N9: 1 | O9: 1 | P9: =IF(W9="כן","",N9*O9) -> 1 | Q9: =IF(W9="כן","",IF(P9="","",IF(P9>=15,"קריטי",IF(P9>=10,"גבוה",IF(P9>=5,"בינוני","נמוך"))))) -> נמוך | R9: =IF(W9="כן","",IF(T9="הושלם",P9,IF(T9="בתהליך",ROUNDUP((J9+P9)/2,0),J9))) -> 4 | S9: =IF(W9="כן","",IF(R9="","",IF(R9>=15,"קריטי",IF(R9>=10,"גבוה",IF(R9>=5,"בינוני","נמוך"))))) -> נמוך | T9: בתהליך | U9: 2026-12-31 | V9: =IF(W9="כן","לא רלוונטי",IF(T9="הושלם","קבלת הסיכון",IF(OR(S9="קריטי",S9="גבוה"),"הפחתת סיכון - הוספת בקרות מונעות","קבלת הסיכון"))) -> קבלת הסיכון | W9: לא
A10: GOV-09 | B10: ממשל וניהול סיכונים | D10: מדדי בקרה ודיווח תקופתי להנהלה על מצב הסיכון | E10: מדדי בקרה ודיווח תקופתי להנהלה על מצב הסיכון | G10: היעדר מדדי בקרה ודיווח תקופתי עלולים לגרום לחוסר מודעות של ההנהלה למצב הסיכון בפועל, עיכוב בקבלת החלטות ואי-זיהוי מגמות שליליות בהגנת הסייבר | H10: 4 | I10: 4 | J10: =IF(W10="כן","",H10*I10) -> 16 | K10: =IF(W10="כן","",IF(J10="","",IF(J10>=15,"קריטי",IF(J10>=10,"גבוה",IF(J10>=5,"בינוני","נמוך"))))) -> קריטי | L10: אנליסט SOC | M10: 1. הגדרת KPIs ומדדי אפקטיביות להגנת סייבר (NIST PM-6, PM-14) 2. הפקת דוחות תקופתיים להנהלה על מצב הסיכון (PM-6) 3. שימוש בדשבורד ניהולי עם מדדי בקרה מרכזיים (PM-14) 4. ביצוע סקירות רבעוניות של מגמות סיכון ואירועים (CA-7, PM-6) | N10: 3 | O10: 2 | P10: =IF(W10="כן","",N10*O10) -> 6 | Q10: =IF(W10="כן","",IF(P10="","",IF(P10>=15,"קריטי",IF(P10>=10,"גבוה",IF(P10>=5,"בינוני","נמוך"))))) -> בינוני | R10: =IF(W10="כן","",IF(T10="הושלם",P10,IF(T10="בתהליך",ROUNDUP((J10+P10)/2,0),J10))) -> 11 | S10: =IF(W10="כן","",IF(R10="","",IF(R10>=15,"קריטי",IF(R10>=10,"גבוה",IF(R10>=5,"בינוני","נמוך"))))) -> גבוה | T10: בתהליך | U10: 2026-12-31 | V10: =IF(W10="כן","לא רלוונטי",IF(T10="הושלם","קבלת הסיכון",IF(OR(S10="קריטי",S10="גבוה"),"הפחתת סיכון - הוספת בקרות מונעות","קבלת הסיכון"))) -> הפחתת סיכון - הוספת בקרות מונעות | W10: לא
A11: GOV-10 | B11: ממשל וניהול סיכונים | D11: מבדקי חוסן ובקרות עצמיות תקופתיים מבוצעים | E11: מבדקי חוסן ובקרות עצמיות תקופתיים מבוצעים | G11: אי-ביצוע מבדקי חוסן ובקרות עצמיות עלול להותיר פגיעויות לא מזוהות, לייצר תחושת ביטחון מוטעית ולאפשר לתוקפים לנצל חולשות שלא נבדקו | H11: 3 | I11: 3 | J11: =IF(W11="כן","",H11*I11) -> 9 | K11: =IF(W11="כן","",IF(J11="","",IF(J11>=15,"קריטי",IF(J11>=10,"גבוה",IF(J11>=5,"בינוני","נמוך"))))) -> בינוני | L11: מנהל IR | M11: 1. ביצוע מבדקי חדירה (penetration testing) תקופתיים (NIST CA-8) 2. ביצוע הערכות בקרה פנימיות לפחות אחת לשנה (CA-2) 3. ביצוע סקירות תצורה ובקרות עצמיות (CA-7) 4. תיעוד ומעקב אחר ממצאים עד לסגירתם (CA-5, POA&M) | N11: 1 | O11: 2 | P11: =IF(W11="כן","",N11*O11) -> 2 | Q11: =IF(W11="כן","",IF(P11="","",IF(P11>=15,"קריטי",IF(P11>=10,"גבוה",IF(P11>=5,"בינוני","נמוך"))))) -> נמוך | R11: =IF(W11="כן","",IF(T11="הושלם",P11,IF(T11="בתהליך",ROUNDUP((J11+P11)/2,0),J11))) -> 6 | S11: =IF(W11="כן","",IF(R11="","",IF(R11>=15,"קריטי",IF(R11>=10,"גבוה",IF(R11>=5,"בינוני","נמוך"))))) -> בינוני | T11: בתהליך | U11: 2026-12-31 | V11: =IF(W11="כן","לא רלוונטי",IF(T11="הושלם","קבלת הסיכון",IF(OR(S11="קריטי",S11="גבוה"),"הפחתת סיכון - הוספת בקרות מונעות","קבלת הסיכון"))) -> קבלת הסיכון | W11: לא
A12: IDN-01 | B12: זיהוי ומיפוי נכסים | D12: מיפוי ותחזוקת מצאי נכסי מידע (חומרה, תוכנה, שירותים) | E12: מיפוי ותחזוקת מצאי נכסי מידע (חומרה, תוכנה, שירותים) | G12: היעדר מצאי נכסי מידע מעודכן עלול לגרום להגנה חלקית בלבד, נכסים לא מוגנים המהווים וקטור תקיפה, וחוסר יכולת להעריך את היקף הנזק באירוע סייבר | H12: 2 | I12: 3 | J12: =IF(W12="כן","",H12*I12) -> 6 | K12: =IF(W12="כן","",IF(J12="","",IF(J12>=15,"קריטי",IF(J12>=10,"גבוה",IF(J12>=5,"בינוני","נמוך"))))) -> בינוני | L12: מנהל מערכת | M12: 1. הקמת מצאי נכסים (Asset Inventory) מלא ומעודכן — חומרה, תוכנה ושירותים (NIST CM-8) 2. שימוש בכלי סריקה אוטומטיים לגילוי נכסים ברשת (CM-8(2)) 3. עדכון מצאי נכסים בכל שינוי ולפחות רבעונית (CM-8(1)) 4. שיוך בעלים (owner) לכל נכס מידע (CM-8(5), PM-5) | N12: 1 | O12: 2 | P12: =IF(W12="כן","",N12*O12) -> 2 | Q12: =IF(W12="כן","",IF(P12="","",IF(P12>=15,"קריטי",IF(P12>=10,"גבוה",IF(P12>=5,"בינוני","נמוך"))))) -> נמוך | R12: =IF(W12="כן","",IF(T12="הושלם",P12,IF(T12="בתהליך",ROUNDUP((J12+P12)/2,0),J12))) -> 4 | S12: =IF(W12="כן","",IF(R12="","",IF(R12>=15,"קריטי",IF(R12>=10,"גבוה",IF(R12>=5,"בינוני","נמוך"))))) -> נמוך | T12: בתהליך | U12: 2026-12-31 | V12: =IF(W12="כן","לא רלוונטי",IF(T12="הושלם","קבלת הסיכון",IF(OR(S12="קריטי",S12="גבוה"),"הפחתת סיכון - הוספת בקרות מונעות","קבלת הסיכון"))) -> קבלת הסיכון | W12: לא
A13: IDN-02 | B13: זיהוי ומיפוי נכסים | D13: סיווג נכסים לפי קריטיות לתפקוד הארגון | E13: סיווג נכסים לפי קריטיות לתפקוד הארגון | G13: היעדר סיווג נכסים לפי קריטיות עלול להוביל להקצאת משאבי הגנה שגויה, הגנה שווה על נכסים בעלי חשיבות שונה וחשיפת נכסים קריטיים ללא הגנה מספקת | H13: 3 | I13: 4 | J13: =IF(W13="כן","",H13*I13) -> 12 | K13: =IF(W13="כן","",IF(J13="","",IF(J13>=15,"קריטי",IF(J13>=10,"גבוה",IF(J13>=5,"בינוני","נמוך"))))) -> גבוה | L13: GRC | M13: 1. סיווג נכסים לפי רמת קריטיות וחשיבות לתפקוד הארגון (NIST RA-2) 2. ביצוע ניתוח השפעה עסקית (BIA) לנכסים קריטיים (RA-2, CP-2) 3. הגדרת רמות סיווג (גבוה/בינוני/נמוך) לנכסים (RA-2) 4. תיעוד ועדכון סיווג נכסים בעקבות שינויים (RA-2, CM-8) | N13: 2 | O13: 2 | P13: =IF(W13="כן","",N13*O13) -> 4 | Q13: =IF(W13="כן","",IF(P13="","",IF(P13>=15,"קריטי",IF(P13>=10,"גבוה",IF(P13>=5,"בינוני","נמוך"))))) -> נמוך | R13: =IF(W13="כן","",IF(T13="הושלם",P13,IF(T13="בתהליך",ROUNDUP((J13+P13)/2,0),J13))) -> 8 | S13: =IF(W13="כן","",IF(R13="","",IF(R13>=15,"קריטי",IF(R13>=10,"גבוה",IF(R13>=5,"בינוני","נמוך"))))) -> בינוני | T13: בתהליך | U13: 2026-12-31 | V13: =IF(W13="כן","לא רלוונטי",IF(T13="הושלם","קבלת הסיכון",IF(OR(S13="קריטי",S13="גבוה"),"הפחתת סיכון - הוספת בקרות מונעות","קבלת הסיכון"))) -> קבלת הסיכון | W13: לא
... A73: PHY-03 | B73: הגנה פיזית | D73: ניטור ותיעוד גישה פיזית | E73: ניטור ותיעוד גישה פיזית | G73: היעדר ניטור ותיעוד גישה פיזית עלול להקשות על זיהוי חדירה פיזית, לאפשר גישה חוזרת של גורמים לא מורשים ולפגוע ביכולת חקירה לאחר אירוע | H73: 2 | I73: 4 | J73: =IF(W73="כן","",H73*I73) -> 8 | K73: =IF(W73="כן","",IF(J73="","",IF(J73>=15,"קריטי",IF(J73>=10,"גבוה",IF(J73>=5,"בינוני","נמוך"))))) -> בינוני | L73: מנהל מערכת | M73: 1. התקנת מצלמות CCTV עם הקלטה באזורים קריטיים (NIST PE-6, PE-8) 2. שמירת רישומי גישה פיזית לפחות 90 יום (PE-8) 3. סקירה תקופתית של לוגי גישה וזיהוי חריגות (PE-6(1)) 4. התרעה בזמן אמת על ניסיונות גישה לא מורשים (PE-6, SI-4) | N73: 1 | O73: 3 | P73: =IF(W73="כן","",N73*O73) -> 3 | Q73: =IF(W73="כן","",IF(P73="","",IF(P73>=15,"קריטי",IF(P73>=10,"גבוה",IF(P73>=5,"בינוני","נמוך"))))) -> נמוך | R73: =IF(W73="כן","",IF(T73="הושלם",P73,IF(T73="בתהליך",ROUNDUP((J73+P73)/2,0),J73))) -> 6 | S73: =IF(W73="כן","",IF(R73="","",IF(R73>=15,"קריטי",IF(R73>=10,"גבוה",IF(R73>=5,"בינוני","נמוך"))))) -> בינוני | T73: בתהליך | U73: 2026-12-31 | V73: =IF(W73="כן","לא רלוונטי",IF(T73="הושלם","קבלת הסיכון",IF(OR(S73="קריטי",S73="גבוה"),"הפחתת סיכון - הוספת בקרות מונעות","קבלת הסיכון"))) -> קבלת הסיכון | W73: לא

Sheet נתוני_חישוב
A1: רמת סיכון | B1: סיכון מובנה | C1: סיכון שיורי | E1: סטטוס | F1: כמות | H1: משפחת בקרה | I1: ציון ממוצע | K1: רמה | L1: סיכון נוכחי | N1: החלטת הנהלה | O1: כמות | Q1: רמת סיכון | R1: מובנה | S1: שיורי | T1: נוכחי | V1: רלוונטיות | W1: כמות
A2: קריטי | B2: =COUNTIFS('הערכת סיכונים'!$K$2:$K$73,A2,'הערכת סיכונים'!$W$2:$W$73,"לא") -> 27 | C2: =COUNTIFS('הערכת סיכונים'!$Q$2:$Q$73,A2,'הערכת סיכונים'!$W$2:$W$73,"לא") -> 6 | E2: הושלם | F2: =COUNTIFS('הערכת סיכונים'!$T$2:$T$73,E2,'הערכת סיכונים'!$W$2:$W$73,"לא") -> 23 | H2: ממשל וניהול סיכונים | I2: =IFERROR(ROUND(AVERAGEIFS('הערכת סיכונים'!$J$2:$J$73,'הערכת סיכונים'!$B$2:$B$73,H2,'הערכת סיכונים'!$W$2:$W$73,"לא"),1),0) -> 8.6 | K2: קריטי | L2: =COUNTIFS('הערכת סיכונים'!$S$2:$S$73,K2,'הערכת סיכונים'!$W$2:$W$73,"לא") -> 17 | N2: הפחתת סיכון - הוספת בקרות מונעות | O2: =COUNTIFS('הערכת סיכונים'!$V$2:$V$73,N2,'הערכת סיכונים'!$W$2:$W$73,"לא") -> 28 | Q2: קריטי | R2: =COUNTIFS('הערכת סיכונים'!$K$2:$K$73,Q2,'הערכת סיכונים'!$W$2:$W$73,"לא") -> 27 | S2: =COUNTIFS('הערכת סיכונים'!$Q$2:$Q$73,Q2,'הערכת סיכונים'!$W$2:$W$73,"לא") -> 6 | T2: =COUNTIFS('הערכת סיכונים'!$S$2:$S$73,Q2,'הערכת סיכונים'!$W$2:$W$73,"לא") -> 17 | V2: רלוונטית | W2: =COUNTIF('הערכת סיכונים'!$W$2:$W$73,"לא") -> 72
A3: גבוה | B3: =COUNTIFS('הערכת סיכונים'!$K$2:$K$73,A3,'הערכת סיכונים'!$W$2:$W$73,"לא") -> 19 | C3: =COUNTIFS('הערכת סיכונים'!$Q$2:$Q$73,A3,'הערכת סיכונים'!$W$2:$W$73,"לא") -> 7 | E3: בתהליך | F3: =COUNTIFS('הערכת סיכונים'!$T$2:$T$73,E3,'הערכת סיכונים'!$W$2:$W$73,"לא") -> 24 | H3: זיהוי ומיפוי נכסים | I3: =IFERROR(ROUND(AVERAGEIFS('הערכת סיכונים'!$J$2:$J$73,'הערכת סיכונים'!$B$2:$B$73,H3,'הערכת סיכונים'!$W$2:$W$73,"לא"),1),0) -> 13.6 | K3: גבוה | L3: =COUNTIFS('הערכת סיכונים'!$S$2:$S$73,K3,'הערכת סיכונים'!$W$2:$W$73,"לא") -> 17 | N3: העברת הסיכון | O3: =COUNTIFS('הערכת סיכונים'!$V$2:$V$73,N3,'הערכת סיכונים'!$W$2:$W$73,"לא") -> 0 | Q3: גבוה | R3: =COUNTIFS('הערכת סיכונים'!$K$2:$K$73,Q3,'הערכת סיכונים'!$W$2:$W$73,"לא") -> 19 | S3: =COUNTIFS('הערכת סיכונים'!$Q$2:$Q$73,Q3,'הערכת סיכונים'!$W$2:$W$73,"לא") -> 7 | T3: =COUNTIFS('הערכת סיכונים'!$S$2:$S$73,Q3,'הערכת סיכונים'!$W$2:$W$73,"לא") -> 17 | V3: לא רלוונטית | W3: =COUNTIF('הערכת סיכונים'!$W$2:$W$73,"כן") -> 0
A4: בינוני | B4: =COUNTIFS('הערכת סיכונים'!$K$2:$K$73,A4,'הערכת סיכונים'!$W$2:$W$73,"לא") -> 19 | C4: =COUNTIFS('הערכת סיכונים'!$Q$2:$Q$73,A4,'הערכת סיכונים'!$W$2:$W$73,"לא") -> 19 | E4: לא התחיל | F4: =COUNTIFS('הערכת סיכונים'!$T$2:$T$73,E4,'הערכת סיכונים'!$W$2:$W$73,"לא") -> 25 | H4: הגנה — גישה וזהות | I4: =IFERROR(ROUND(AVERAGEIFS('הערכת סיכונים'!$J$2:$J$73,'הערכת סיכונים'!$B$2:$B$73,H4,'הערכת סיכונים'!$W$2:$W$73,"לא"),1),0) -> 10.5 | K4: בינוני | L4: =COUNTIFS('הערכת סיכונים'!$S$2:$S$73,K4,'הערכת סיכונים'!$W$2:$W$73,"לא") -> 18 | N4: קבלת הסיכון | O4: =COUNTIFS('הערכת סיכונים'!$V$2:$V$73,N4,'הערכת סיכונים'!$W$2:$W$73,"לא") -> 44 | Q4: בינוני | R4: =COUNTIFS('הערכת סיכונים'!$K$2:$K$73,Q4,'הערכת סיכונים'!$W$2:$W$73,"לא") -> 19 | S4: =COUNTIFS('הערכת סיכונים'!$Q$2:$Q$73,Q4,'הערכת סיכונים'!$W$2:$W$73,"לא") -> 19 | T4: =COUNTIFS('הערכת סיכונים'!$S$2:$S$73,Q4,'הערכת סיכונים'!$W$2:$W$73,"לא") -> 18
A5: נמוך | B5: =COUNTIFS('הערכת סיכונים'!$K$2:$K$73,A5,'הערכת סיכונים'!$W$2:$W$73,"לא") -> 7 | C5: =COUNTIFS('הערכת סיכונים'!$Q$2:$Q$73,A5,'הערכת סיכונים'!$W$2:$W$73,"לא") -> 40 | H5: הגנה — רשת ותשתית | I5: =IFERROR(ROUND(AVERAGEIFS('הערכת סיכונים'!$J$2:$J$73,'הערכת סיכונים'!$B$2:$B$73,H5,'הערכת סיכונים'!$W$2:$W$73,"לא"),1),0) -> 15.4 | K5: נמוך | L5: =COUNTIFS('הערכת סיכונים'!$S$2:$S$73,K5,'הערכת סיכונים'!$W$2:$W$73,"לא") -> 20 | N5: הימנעות מהסיכון | O5: =COUNTIFS('הערכת סיכונים'!$V$2:$V$73,N5,'הערכת סיכונים'!$W$2:$W$73,"לא") -> 0 | Q5: נמוך | R5: =COUNTIFS('הערכת סיכונים'!$K$2:$K$73,Q5,'הערכת סיכונים'!$W$2:$W$73,"לא") -> 7 | S5: =COUNTIFS('הערכת סיכונים'!$Q$2:$Q$73,Q5,'הערכת סיכונים'!$W$2:$W$73,"לא") -> 40 | T5: =COUNTIFS('הערכת סיכונים'!$S$2:$S$73,Q5,'הערכת סיכונים'!$W$2:$W$73,"לא") -> 20
H6: הגנה — קצה ושרתים | I6: =IFERROR(ROUND(AVERAGEIFS('הערכת סיכונים'!$J$2:$J$73,'הערכת סיכונים'!$B$2:$B$73,H6,'הערכת סיכונים'!$W$2:$W$73,"לא"),1),0) -> 10.7
H7: הגנה — מידע | I7: =IFERROR(ROUND(AVERAGEIFS('הערכת סיכונים'!$J$2:$J$73,'הערכת סיכונים'!$B$2:$B$73,H7,'הערכת סיכונים'!$W$2:$W$73,"לא"),1),0) -> 12.4
H8: גילוי וניטור | I8: =IFERROR(ROUND(AVERAGEIFS('הערכת סיכונים'!$J$2:$J$73,'הערכת סיכונים'!$B$2:$B$73,H8,'הערכת סיכונים'!$W$2:$W$73,"לא"),1),0) -> 13.9
H9: תגובה לאירוע | I9: =IFERROR(ROUND(AVERAGEIFS('הערכת סיכונים'!$J$2:$J$73,'הערכת סיכונים'!$B$2:$B$73,H9,'הערכת סיכונים'!$W$2:$W$73,"לא"),1),0) -> 13.3
H10: התאוששות | I10: =IFERROR(ROUND(AVERAGEIFS('הערכת סיכונים'!$J$2:$J$73,'הערכת סיכונים'!$B$2:$B$73,H10,'הערכת סיכונים'!$W$2:$W$73,"לא"),1),0) -> 10.8
H11: מודעות והדרכה | I11: =IFERROR(ROUND(AVERAGEIFS('הערכת סיכונים'!$J$2:$J$73,'הערכת סיכונים'!$B$2:$B$73,H11,'הערכת סיכונים'!$W$2:$W$73,"לא"),1),0) -> 15.3
H12: שרשרת אספקה וצד ג' | I12: =IFERROR(ROUND(AVERAGEIFS('הערכת סיכונים'!$J$2:$J$73,'הערכת סיכונים'!$B$2:$B$73,H12,'הערכת סיכונים'!$W$2:$W$73,"לא"),1),0) -> 14.6
H13: הגנה פיזית | I13: =IFERROR(ROUND(AVERAGEIFS('הערכת סיכונים'!$J$2:$J$73,'הערכת סיכונים'!$B$2:$B$73,H13,'הערכת סיכונים'!$W$2:$W$73,"לא"),1),0) -> 15

Sheet דשבורד מנהלים
A1: דשבורד מנהלים | הערכת סיכונים — תורת ההגנה בסייבר 2.0 (מערך הסייבר הלאומי)
A4: תמונת מצב נוכחית
A5: בקרות רלוונטיות | E5: בקרות לא רלוונטיות | I5: חשיפה קריטית נוכחית | M5: חשיפה גבוהה נוכחית | Q5: ציון ממוצע (רלוונטיות) | U5: הושלמו | Y5: פתוחות (לא התחיל)
A6: =COUNTIF('הערכת סיכונים'!W2:W73,"לא") -> 72 | E6: =COUNTIF('הערכת סיכונים'!W2:W73,"כן") -> 0 | I6: =COUNTIFS('הערכת סיכונים'!S2:S73,"קריטי",'הערכת סיכונים'!W2:W73,"לא") -> 17 | M6: =COUNTIFS('הערכת סיכונים'!S2:S73,"גבוה",'הערכת סיכונים'!W2:W73,"לא") -> 17 | Q6: =IFERROR(ROUND(AVERAGEIFS('הערכת סיכונים'!J2:J73,'הערכת סיכונים'!W2:W73,"לא"),1),0) -> 12.5 | U6: =COUNTIFS('הערכת סיכונים'!T2:T73,"הושלם",'הערכת סיכונים'!W2:W73,"לא") -> 23 | Y6: =COUNTIFS('הערכת סיכונים'!T2:T73,"לא התחיל",'הערכת סיכונים'!W2:W73,"לא") -> 25
A9: מפת חום סיכונים 5×5 (לא כולל בקרות לא רלוונטיות) | J9: כמות הסיכונים לפי רמה — מובנה / שיורי / נוכחי | U9: סטטוס טיפול
A11: הסת\השפ | B11: 1 | C11: 2 | D11: 3 | E11: 4 | F11: 5
A12: 5 | B12: =COUNTIFS('הערכת סיכונים'!H:H,5,'הערכת סיכונים'!I:I,1,'הערכת סיכונים'!W:W,"לא") -> 0 | C12: =COUNTIFS('הערכת סיכונים'!H:H,5,'הערכת סיכונים'!I:I,2,'הערכת סיכונים'!W:W,"לא") -> 4 | D12: =COUNTIFS('הערכת סיכונים'!H:H,5,'הערכת סיכונים'!I:I,3,'הערכת סיכונים'!W:W,"לא") -> 4 | E12: =COUNTIFS('הערכת סיכונים'!H:H,5,'הערכת סיכונים'!I:I,4,'הערכת סיכונים'!W:W,"לא") -> 6 | F12: =COUNTIFS('הערכת סיכונים'!H:H,5,'הערכת סיכונים'!I:I,5,'הערכת סיכונים'!W:W,"לא") -> 6
A13: 4 | B13: =COUNTIFS('הערכת סיכונים'!H:H,4,'הערכת סיכונים'!I:I,1,'הערכת סיכונים'!W:W,"לא") -> 0 | C13: =COUNTIFS('הערכת סיכונים'!H:H,4,'הערכת סיכונים'!I:I,2,'הערכת סיכונים'!W:W,"לא") -> 3 | D13: =COUNTIFS('הערכת סיכונים'!H:H,4,'הערכת סיכונים'!I:I,3,'הערכת סיכונים'!W:W,"לא") -> 3 | E13: =COUNTIFS('הערכת סיכונים'!H:H,4,'הערכת סיכונים'!I:I,4,'הערכת סיכונים'!W:W,"לא") -> 3 | F13: =COUNTIFS('הערכת סיכונים'!H:H,4,'הערכת סיכונים'!I:I,5,'הערכת סיכונים'!W:W,"לא") -> 4
A14: 3 | B14: =COUNTIFS('הערכת סיכונים'!H:H,3,'הערכת סיכונים'!I:I,1,'הערכת סיכונים'!W:W,"לא") -> 0 | C14: =COUNTIFS('הערכת סיכונים'!H:H,3,'הערכת סיכונים'!I:I,2,'הערכת סיכונים'!W:W,"לא") -> 6 | D14: =COUNTIFS('הערכת סיכונים'!H:H,3,'הערכת סיכונים'!I:I,3,'הערכת סיכונים'!W:W,"לא") -> 3 | E14: =COUNTIFS('הערכת סיכונים'!H:H,3,'הערכת סיכונים'!I:I,4,'הערכת סיכונים'!W:W,"לא") -> 9 | F14: =COUNTIFS('הערכת סיכונים'!H:H,3,'הערכת סיכונים'!I:I,5,'הערכת סיכונים'!W:W,"לא") -> 4
A15: 2 | B15: =COUNTIFS('הערכת סיכונים'!H:H,2,'הערכת סיכונים'!I:I,1,'הערכת סיכונים'!W:W,"לא") -> 0 | C15: =COUNTIFS('הערכת סיכונים'!H:H,2,'הערכת סיכונים'!I:I,2,'הערכת סיכונים'!W:W,"לא") -> 7 | D15: =COUNTIFS('הערכת סיכונים'!H:H,2,'הערכת סיכונים'!I:I,3,'הערכת סיכונים'!W:W,"לא") -> 3 | E15: =COUNTIFS('הערכת סיכונים'!H:H,2,'הערכת סיכונים'!I:I,4,'הערכת סיכונים'!W:W,"לא") -> 4 | F15: =COUNTIFS('הערכת סיכונים'!H:H,2,'הערכת סיכונים'!I:I,5,'הערכת סיכונים'!W:W,"לא") -> 3
A16: 1 | B16: =COUNTIFS('הערכת סיכונים'!H:H,1,'הערכת סיכונים'!I:I,1,'הערכת סיכונים'!W:W,"לא") -> 0 | C16: =COUNTIFS('הערכת סיכונים'!H:H,1,'הערכת סיכונים'!I:I,2,'הערכת סיכונים'!W:W,"לא") -> 0 | D16: =COUNTIFS('הערכת סיכונים'!H:H,1,'הערכת סיכונים'!I:I,3,'הערכת סיכונים'!W:W,"לא") -> 0 | E16: =COUNTIFS('הערכת סיכונים'!H:H,1,'הערכת סיכונים'!I:I,4,'הערכת סיכונים'!W:W,"לא") -> 0 | F16: =COUNTIFS('הערכת סיכונים'!H:H,1,'הערכת סיכונים'!I:I,5,'הערכת סיכונים'!W:W,"לא") -> 0
C17: השפעה ←
A20: התפלגות החלטות הנהלה לטיפול בסיכון | P20: חשיפה נוכחית בפועל (לפי רמה)
A36: ציון סיכון ממוצע לפי משפחת בקרה | P36: רלוונטיות הבקרות
A56: הערה: בקרות המסומנות 'כן' בעמודת 'בקרה לא רלוונטית' מוחרגות אוטומטית מכל הספירות, הממוצעים, מפת החום והגרפים.
